,NH3NO,NH3N2i,DO,P
NH3NO,0.6637357,0.010982273,0.009316367,0.012711019
NH3N2i,0.0109822685,0.08863811,0.0050295703,0.005728361
DO,0.009316363,0.0050295703,0.059178963,0.004859715
P,0.0127110295,0.0057283607,0.004859716,0.12568851
