feature_value_original,partial_dependence
0.0,202.73502
0.4417241379310345,202.73502
0.883448275862069,202.73502
1.3251724137931036,202.73502
1.766896551724138,202.73502
2.2086206896551723,202.6483
2.650344827586207,202.6483
3.0920689655172415,201.47806
3.533793103448276,201.37738
3.9755172413793103,201.38063
4.417241379310345,201.38063
4.858965517241379,201.30113
5.300689655172414,200.29156
5.742413793103449,200.52802
6.184137931034483,200.64243
6.625862068965517,200.73622
7.067586206896552,202.66045
7.509310344827586,203.01541
7.951034482758621,203.08836
8.392758620689655,202.8715
8.83448275862069,202.8715
9.276206896551724,201.98894
9.717931034482758,200.30974
10.159655172413792,198.25012
10.601379310344829,193.74487
11.043103448275863,193.39745
11.484827586206897,193.39745
11.926551724137932,192.17276
12.368275862068966,193.08751
12.81,193.08751
