feature_value_original,partial_dependence
8.2,186.76305
10.320689655172412,186.76305
12.441379310344827,186.76305
14.562068965517241,186.70134
16.682758620689654,187.36421
18.803448275862067,190.8511
20.92413793103448,191.99727
23.044827586206896,193.38063
25.16551724137931,193.38063
27.28620689655172,193.38063
29.406896551724135,193.38063
31.52758620689655,199.89127
33.648275862068964,199.89127
35.76896551724138,201.50398
37.889655172413796,201.50398
40.01034482758621,205.28423
42.13103448275862,205.69473
44.251724137931035,205.69473
46.37241379310345,211.13255
48.49310344827586,211.13255
50.61379310344827,213.13055
52.734482758620686,213.13055
54.8551724137931,214.0077
56.97586206896551,214.93297
59.096551724137925,212.60233
61.21724137931034,210.67445
63.33793103448275,210.67445
65.45862068965516,210.67445
67.57931034482759,210.67445
69.7,210.67445
