feature_value_original,partial_dependence
108.0,167.47833
294.2413793103448,167.9643
480.48275862068965,171.8803
666.7241379310344,171.98454
852.9655172413793,170.24878
1039.2068965517242,198.11101
1225.4482758620688,198.34064
1411.6896551724137,219.44353
1597.9310344827586,229.60062
1784.1724137931035,228.89267
1970.4137931034484,229.52525
2156.655172413793,232.61827
2342.8965517241377,234.33559
2529.137931034483,235.20659
2715.3793103448274,235.72762
2901.6206896551726,236.57878
3087.862068965517,234.84828
3274.103448275862,239.0414
3460.344827586207,239.0414
3646.5862068965516,239.0414
3832.8275862068967,239.0414
4019.0689655172414,239.0414
4205.310344827586,239.0414
4391.551724137931,239.0414
4577.793103448275,239.0414
4764.0344827586205,239.0414
4950.275862068966,239.0414
5136.517241379311,239.0414
5322.758620689655,239.0414
5509.0,239.0414
