feature_value_original,partial_dependence
1.1,2.1864607
1.831034482758621,2.2061565
2.5620689655172413,2.3361971
3.293103448275862,2.5260682
4.024137931034483,2.8329537
4.755172413793104,3.0110662
5.4862068965517246,3.3185556
6.2172413793103445,3.807429
6.948275862068966,4.0903177
7.679310344827586,5.0418663
8.410344827586208,5.136549
9.141379310344828,6.790685
9.872413793103448,7.2079787
10.60344827586207,7.6776276
11.33448275862069,7.807482
12.065517241379311,7.7652493
12.796551724137931,7.785096
13.527586206896551,7.785096
14.258620689655173,7.9378085
14.989655172413793,9.111951
15.720689655172414,9.69405
16.451724137931034,9.69405
17.182758620689658,9.69405
17.913793103448278,9.69405
18.644827586206898,9.69405
19.375862068965517,12.41574
20.10689655172414,12.41574
20.83793103448276,12.41574
21.56896551724138,12.41574
22.3,12.41574
